symbol,group,f1,f2,f3
i,men 52,270,2290,3010
ɪ,men 52,390,1990,2550
ɛ,men 52,530,1840,2480
æ,men 52,660,1720,2410
ɑ,men 52,730,1090,2440
ɔ,men 52,570,840,2410
ʊ,men 52,440,1020,2240
u,men 52,300,870,2240
ʌ,men 52,640,1190,2390
ɝ,men 52,490,1350,1690
i,women 52,310,2790,3310
ɪ,women 52,430,2480,3070
ɛ,women 52,610,2330,2990
æ,women 52,860,2050,2850
ɑ,women 52,850,1220,2810
ɔ,women 52,590,920,2710
ʊ,women 52,470,1160,2680
u,women 52,370,950,2670
ʌ,women 52,760,1400,2780
ɝ,women 52,500,1640,1960
i,children 52,370,3200,3730
ɪ,children 52,530,2730,3600
ɛ,children 52,690,2610,3570
æ,children 52,1010,2320,3320
ɑ,children 52,1030,1370,3170
ɔ,children 52,680,1060,3180
ʊ,children 52,560,1410,3310
u,children 52,430,1170,3260
ʌ,children 52,850,1590,3360
ɝ,children 52,560,1820,2160
