source,type,vowel,name,n,f0,f1,f2,f3,dur_ms
h95,boy,3',er (heard),27,230.0,573.0,1691.0,2069.0,304.0
h95,boy,A,ah (hod),27,227.0,951.0,1604.0,2860.0,294.0
h95,boy,E,eh (head),27,227.0,710.0,2202.0,3243.0,215.0
h95,boy,I,ih (hid),27,231.0,520.0,2492.0,3330.0,249.0
h95,boy,O,aw (hawed),27,220.0,802.0,1268.0,2918.0,315.0
h95,boy,U,uh (hood),27,237.0,570.0,1495.0,2993.0,247.0
h95,boy,V,uh (hud),27,220.0,697.0,1454.0,3070.0,241.0
h95,boy,e,ay (hayed),27,235.0,564.0,2620.0,3286.0,294.0
h95,boy,i,ee (heed),27,244.0,441.0,3024.0,3578.0,288.0
h95,boy,o,oh (hoed),27,237.0,591.0,1117.0,2924.0,310.0
h95,boy,u,oo (who'd),27,249.0,502.0,1296.0,2976.0,269.0
h95,boy,{,ae (had),27,220.0,697.0,2503.0,3166.0,314.0
h95,girl,3',er (heard),19,230.0,620.0,1694.0,2246.0,297.0
h95,girl,A,ah (hod),19,233.0,1021.0,1749.0,3055.0,304.0
h95,girl,E,eh (head),19,228.0,762.0,2349.0,3448.0,250.0
h95,girl,I,ih (hid),19,242.0,506.0,2634.0,3502.0,250.0
h95,girl,O,aw (hawed),19,233.0,888.0,1366.0,3131.0,339.0
h95,girl,U,uh (hood),19,243.0,571.0,1577.0,3220.0,241.0
h95,girl,V,uh (hud),19,234.0,754.0,1614.0,3254.0,226.0
h95,girl,e,ay (hayed),19,240.0,558.0,2687.0,3413.0,320.0
h95,girl,i,ee (heed),19,239.0,466.0,3225.0,3761.0,305.0
h95,girl,o,oh (hoed),19,239.0,577.0,1151.0,3140.0,317.0
h95,girl,u,oo (who'd),19,244.0,496.0,1533.0,3067.0,304.0
h95,girl,{,ae (had),19,230.0,729.0,2523.0,3450.0,311.0
h95,man,3',er (heard),45,130.0,477.0,1386.0,1701.0,258.0
h95,man,A,ah (hod),45,124.0,748.0,1315.0,2522.0,269.0
h95,man,E,eh (head),45,126.0,574.0,1805.0,2603.0,197.0
h95,man,I,ih (hid),45,133.0,433.0,2013.0,2687.0,188.0
h95,man,O,aw (hawed),45,121.0,648.0,1019.0,2507.0,282.0
h95,man,U,uh (hood),45,132.0,468.0,1106.0,2459.0,191.0
h95,man,V,uh (hud),45,128.0,622.0,1168.0,2560.0,189.0
h95,man,e,ay (hayed),45,131.0,482.0,2082.0,2660.0,259.0
h95,man,i,ee (heed),45,134.0,338.0,2319.0,2959.0,240.0
h95,man,o,oh (hoed),45,133.0,499.0,900.0,2465.0,261.0
h95,man,u,oo (who'd),45,143.0,377.0,980.0,2378.0,237.0
h95,man,{,ae (had),45,123.0,590.0,1934.0,2574.0,270.0
h95,woman,3',er (heard),48,218.5,511.0,1568.5,1921.5,322.5
h95,woman,A,ah (hod),48,212.0,916.0,1524.0,2822.0,321.5
h95,woman,E,eh (head),48,214.0,718.0,2049.0,2931.5,242.5
h95,woman,I,ih (hid),48,224.5,486.0,2370.0,3027.5,227.0
h95,woman,O,aw (hawed),48,212.5,805.0,1176.0,2816.0,347.5
h95,woman,U,uh (hood),48,231.0,505.5,1188.5,2806.5,239.5
h95,woman,V,uh (hud),48,217.0,762.5,1408.5,2920.5,220.5
h95,woman,e,ay (hayed),48,216.0,512.0,2503.0,3063.5,316.0
h95,woman,i,ee (heed),48,225.5,436.0,2762.0,3351.5,305.5
h95,woman,o,oh (hoed),48,218.0,573.0,1025.5,2858.0,321.0
h95,woman,u,oo (who'd),48,237.0,459.5,1066.5,2721.5,293.5
h95,woman,{,ae (had),48,215.0,670.0,2329.0,2928.5,332.0
pb52,child,3',er (heard),30,263.0,545.0,1785.0,2225.0,
pb52,child,A,ah (hod),30,250.0,1005.0,1375.0,3120.0,
pb52,child,E,eh (head),30,262.5,686.0,2600.0,3570.0,
pb52,child,I,ih (hid),30,280.0,540.0,2730.0,3580.0,
pb52,child,O,aw (hawed),30,263.5,690.0,1070.0,3210.0,
pb52,child,U,uh (hood),30,276.5,550.0,1420.0,3320.0,
pb52,child,V,uh (hud),30,259.5,845.0,1590.0,3245.0,
pb52,child,i,ee (heed),30,266.0,342.0,3205.0,3740.0,
pb52,child,u,oo (who'd),30,280.0,411.5,1160.0,3200.0,
pb52,child,{,ae (had),30,245.0,1025.0,2320.0,3300.0,
pb52,man,3',er (heard),66,128.0,495.0,1345.0,1705.0,
pb52,man,A,ah (hod),66,122.0,720.0,1096.0,2435.0,
pb52,man,E,eh (head),66,125.0,540.0,1840.0,2490.0,
pb52,man,I,ih (hid),66,134.5,400.0,1995.0,2565.0,
pb52,man,O,aw (hawed),66,123.0,562.5,849.5,2420.0,
pb52,man,U,uh (hood),66,132.5,449.0,1028.0,2240.0,
pb52,man,V,uh (hud),66,125.0,626.5,1200.0,2395.0,
pb52,man,i,ee (heed),66,133.0,265.0,2295.0,2900.0,
pb52,man,u,oo (who'd),66,139.5,312.5,900.0,2190.0,
pb52,man,{,ae (had),66,125.0,660.0,1710.0,2435.0,
pb52,woman,3',er (heard),56,218.0,500.0,1630.0,1952.5,
pb52,woman,A,ah (hod),56,209.0,850.0,1225.0,2800.0,
pb52,woman,E,eh (head),56,220.5,615.5,2345.0,3010.0,
pb52,woman,I,ih (hid),56,232.0,440.0,2500.0,3055.0,
pb52,woman,O,aw (hawed),56,213.0,594.5,900.0,2750.0,
pb52,woman,U,uh (hood),56,233.0,467.5,1180.0,2660.0,
pb52,woman,V,uh (hud),56,217.5,755.0,1440.0,2780.0,
pb52,woman,i,ee (heed),56,233.0,308.5,2780.0,3300.0,
pb52,woman,u,oo (who'd),56,235.0,380.0,957.5,2645.0,
pb52,woman,{,ae (had),56,205.5,847.5,2060.0,2860.0,
