render	rms_dBFS	peak_dBFS	crest_dB	centroid_Hz	above5k_dB	guard_fraction	match_gain_dB
hedz__ref_in0_out0	-7.83	-0.10	7.73	487	-47.44	0.2098	0.00
hedz__gain50_then_out50slam	-3.91	-1.18	2.73	650	-21.07	0.8724	-3.92
hedz__gain100_then_out100slam	-3.44	-0.89	2.55	886	-15.79	0.9806	-4.39
hedz__slam50_both	-3.63	-1.07	2.55	739	-18.41	0.9327	-4.20
hedz__slam100_both	-3.53	-1.13	2.40	797	-17.01	0.9610	-4.30
hedz__slam100_in_only	-1.99	-0.10	1.89	497	-27.75	0.7417	-5.84
hedz__gain100_plain	-0.79	-0.10	0.69	614	-22.22	0.9013	-7.04
millennium__ref_in0_out0	-17.31	-9.13	8.18	120	-36.73	0.0000	0.00
millennium__gain50_then_out50slam	-4.70	-1.22	3.48	92	-34.07	0.7286	-12.62
millennium__gain100_then_out100slam	-3.55	-0.46	3.09	112	-28.36	0.9747	-13.76
millennium__slam50_both	-3.98	-0.36	3.62	101	-29.90	0.9174	-13.33
millennium__slam100_both	-3.70	-0.59	3.10	112	-28.81	0.9744	-13.62
millennium__slam100_in_only	-3.14	-0.10	3.04	79	-39.26	0.7704	-14.17
millennium__gain100_plain	-1.74	-0.10	1.64	88	-35.68	0.7876	-15.57
nofilter__ref_in0_out0	-18.19	-12.00	6.19	200	-23.33	0.0000	0.00
nofilter__gain50_then_out50slam	-4.85	-0.60	4.25	117	-26.73	0.6997	-13.34
nofilter__gain100_then_out100slam	-3.57	-0.81	2.76	115	-27.47	0.9723	-14.62
nofilter__slam50_both	-4.05	-0.23	3.82	111	-27.36	0.9100	-14.14
nofilter__slam100_both	-3.73	-0.58	3.15	117	-27.49	0.9735	-14.46
nofilter__slam100_in_only	-3.76	-0.34	3.42	115	-27.00	0.7539	-14.43
nofilter__gain100_plain	-1.93	-0.10	1.83	126	-26.11	0.7690	-16.26
