ir,memory,smooth_ms,mean_rmse_db,frame_jitter_db,f1_jitter_cents,b1_jitter_hz,converge_s,converge_after_switch_s
ML Sound Lab's BEST IR IN THE WORLD,0,0,13.07,0.804,916.1,189.8,-1.000,-1.000
ML Sound Lab's BEST IR IN THE WORLD,0.5,16.7497,13.05,0.421,916.1,189.8,-1.000,-1.000
ML Sound Lab's BEST IR IN THE WORLD,0.8,52.0292,13.04,0.186,916.1,189.8,-1.000,-1.000
ML Sound Lab's BEST IR IN THE WORLD,0.9,110.193,13.03,0.097,916.1,189.8,-1.000,-1.000
ML Sound Lab's BEST IR IN THE WORLD,0.95,226.345,13.03,0.050,916.1,189.8,-1.000,-1.000
ML Sound Lab's BEST IR IN THE WORLD,0.98,574.675,13.03,0.020,916.1,189.8,-1.000,-1.000
American Twin 2x12 Bright Mix,0,0,9.96,0.763,525.8,198.9,0.012,0.012
American Twin 2x12 Bright Mix,0.5,16.7497,9.95,0.410,525.8,198.9,0.012,0.012
American Twin 2x12 Bright Mix,0.8,52.0292,9.93,0.184,525.8,198.9,0.012,0.012
American Twin 2x12 Bright Mix,0.9,110.193,9.92,0.096,525.8,198.9,0.012,0.012
American Twin 2x12 Bright Mix,0.95,226.345,9.92,0.049,525.8,198.9,0.012,0.012
American Twin 2x12 Bright Mix,0.98,574.675,9.91,0.020,525.8,198.9,0.012,0.012
American Twin 2x12 Dark Mix,0,0,9.82,0.744,747.3,195.9,0.012,0.012
American Twin 2x12 Dark Mix,0.5,16.7497,9.81,0.397,747.3,195.9,0.012,0.012
American Twin 2x12 Dark Mix,0.8,52.0292,9.79,0.178,747.3,195.9,0.012,0.012
American Twin 2x12 Dark Mix,0.9,110.193,9.79,0.094,747.3,195.9,0.012,0.012
American Twin 2x12 Dark Mix,0.95,226.345,9.78,0.049,747.3,195.9,0.012,0.012
American Twin 2x12 Dark Mix,0.98,574.675,9.78,0.020,747.3,195.9,0.012,0.012
American Twin 2x12 Medium Mix,0,0,10.02,0.710,891.0,216.7,0.012,0.012
American Twin 2x12 Medium Mix,0.5,16.7497,10.00,0.384,891.0,216.7,0.012,0.012
American Twin 2x12 Medium Mix,0.8,52.0292,9.98,0.175,891.0,216.7,0.012,0.012
American Twin 2x12 Medium Mix,0.9,110.193,9.97,0.093,891.0,216.7,0.012,0.012
American Twin 2x12 Medium Mix,0.95,226.345,9.97,0.048,891.0,216.7,0.012,0.012
American Twin 2x12 Medium Mix,0.98,574.675,9.97,0.020,891.0,216.7,0.012,0.012
American Twin 2x12 Bright 160,0,0,9.75,0.746,899.0,250.9,0.012,0.012
American Twin 2x12 Bright 160,0.5,16.7497,9.73,0.409,899.0,250.9,0.012,0.012
American Twin 2x12 Bright 160,0.8,52.0292,9.71,0.189,899.0,250.9,0.012,0.012
American Twin 2x12 Bright 160,0.9,110.193,9.70,0.100,899.0,250.9,0.012,0.012
American Twin 2x12 Bright 160,0.95,226.345,9.69,0.052,899.0,250.9,0.012,0.012
American Twin 2x12 Bright 160,0.98,574.675,9.70,0.021,899.0,250.9,0.012,0.012
American Twin 2x12 Bright 87,0,0,10.55,0.752,249.7,84.2,0.012,0.012
American Twin 2x12 Bright 87,0.5,16.7497,10.53,0.405,249.7,84.2,0.012,0.012
American Twin 2x12 Bright 87,0.8,52.0292,10.52,0.184,249.7,84.2,0.012,0.012
American Twin 2x12 Bright 87,0.9,110.193,10.51,0.097,249.7,84.2,0.012,0.012
American Twin 2x12 Bright 87,0.95,226.345,10.51,0.050,249.7,84.2,0.012,0.012
American Twin 2x12 Bright 87,0.98,574.675,10.51,0.020,249.7,84.2,0.012,0.012
American Twin 2x12 Dark 160,0,0,9.01,0.733,1009.1,249.6,0.012,0.012
American Twin 2x12 Dark 160,0.5,16.7497,8.99,0.405,1009.1,249.6,0.012,0.012
American Twin 2x12 Dark 160,0.8,52.0292,8.97,0.186,1009.1,249.6,0.012,0.012
American Twin 2x12 Dark 160,0.9,110.193,8.96,0.098,1009.1,249.6,0.012,0.012
American Twin 2x12 Dark 160,0.95,226.345,8.95,0.050,1009.1,249.6,0.012,0.012
American Twin 2x12 Dark 160,0.98,574.675,8.94,0.021,1009.1,249.6,0.012,0.012
American Twin 2x12 Dark 87,0,0,10.74,0.752,389.8,132.0,0.012,0.012
American Twin 2x12 Dark 87,0.5,16.7497,10.72,0.401,389.8,132.0,0.012,0.012
American Twin 2x12 Dark 87,0.8,52.0292,10.71,0.180,389.8,132.0,0.012,0.012
American Twin 2x12 Dark 87,0.9,110.193,10.70,0.095,389.8,132.0,0.012,0.012
American Twin 2x12 Dark 87,0.95,226.345,10.69,0.049,389.8,132.0,0.012,0.012
American Twin 2x12 Dark 87,0.98,574.675,10.69,0.020,389.8,132.0,0.012,0.012
American Twin 2x12 Medium 160,0,0,9.54,0.705,831.4,221.6,0.012,0.012
American Twin 2x12 Medium 160,0.5,16.7497,9.52,0.383,831.4,221.6,0.012,0.012
American Twin 2x12 Medium 160,0.8,52.0292,9.50,0.174,831.4,221.6,0.012,0.012
American Twin 2x12 Medium 160,0.9,110.193,9.49,0.091,831.4,221.6,0.012,0.012
American Twin 2x12 Medium 160,0.95,226.345,9.49,0.047,831.4,221.6,0.012,0.012
American Twin 2x12 Medium 160,0.98,574.675,9.49,0.019,831.4,221.6,0.012,0.012
American Twin 2x12 Medium 87,0,0,10.82,0.763,378.9,115.5,0.012,0.012
American Twin 2x12 Medium 87,0.5,16.7497,10.81,0.408,378.9,115.5,0.012,0.012
American Twin 2x12 Medium 87,0.8,52.0292,10.79,0.185,378.9,115.5,0.012,0.012
American Twin 2x12 Medium 87,0.9,110.193,10.79,0.098,378.9,115.5,0.012,0.012
American Twin 2x12 Medium 87,0.95,226.345,10.78,0.050,378.9,115.5,0.012,0.012
American Twin 2x12 Medium 87,0.98,574.675,10.78,0.020,378.9,115.5,0.012,0.012
British Alnico 2x12 Bright Mix,0,0,11.45,0.819,609.4,164.1,0.012,0.012
British Alnico 2x12 Bright Mix,0.5,16.7497,11.43,0.418,609.4,164.1,0.012,0.012
British Alnico 2x12 Bright Mix,0.8,52.0292,11.42,0.184,609.4,164.1,0.012,0.012
British Alnico 2x12 Bright Mix,0.9,110.193,11.41,0.096,609.4,164.1,0.012,0.012
British Alnico 2x12 Bright Mix,0.95,226.345,11.41,0.049,609.4,164.1,0.012,0.012
British Alnico 2x12 Bright Mix,0.98,574.675,11.40,0.020,609.4,164.1,0.012,0.012
British Alnico 2x12 Dark Mix,0,0,10.83,0.822,449.7,160.0,0.012,0.012
British Alnico 2x12 Dark Mix,0.5,16.7497,10.81,0.426,449.7,160.0,0.012,0.012
British Alnico 2x12 Dark Mix,0.8,52.0292,10.79,0.191,449.7,160.0,0.012,0.012
British Alnico 2x12 Dark Mix,0.9,110.193,10.78,0.100,449.7,160.0,0.012,0.012
British Alnico 2x12 Dark Mix,0.95,226.345,10.78,0.051,449.7,160.0,0.012,0.012
British Alnico 2x12 Dark Mix,0.98,574.675,10.78,0.021,449.7,160.0,0.012,0.012
British Alnico 2x12 Medium Mix,0,0,10.93,0.796,621.5,235.0,0.012,0.012
British Alnico 2x12 Medium Mix,0.5,16.7497,10.92,0.414,621.5,235.0,0.012,0.012
British Alnico 2x12 Medium Mix,0.8,52.0292,10.90,0.185,621.5,235.0,0.012,0.012
British Alnico 2x12 Medium Mix,0.9,110.193,10.89,0.097,621.5,235.0,0.012,0.012
British Alnico 2x12 Medium Mix,0.95,226.345,10.89,0.050,621.5,235.0,0.012,0.012
British Alnico 2x12 Medium Mix,0.98,574.675,10.88,0.020,621.5,235.0,0.012,0.012
British Alnico 2x12 Bright 160,0,0,11.64,0.864,1058.5,245.3,0.012,0.012
British Alnico 2x12 Bright 160,0.5,16.7497,11.62,0.444,1058.5,245.3,0.012,0.012
British Alnico 2x12 Bright 160,0.8,52.0292,11.61,0.198,1058.5,245.3,0.012,0.012
British Alnico 2x12 Bright 160,0.9,110.193,11.60,0.104,1058.5,245.3,0.012,0.012
British Alnico 2x12 Bright 160,0.95,226.345,11.60,0.054,1058.5,245.3,0.012,0.012
British Alnico 2x12 Bright 160,0.98,574.675,11.60,0.022,1058.5,245.3,0.012,0.012
British Alnico 2x12 Bright 421,0,0,10.42,0.804,731.5,227.1,0.012,0.012
British Alnico 2x12 Bright 421,0.5,16.7497,10.41,0.443,731.5,227.1,0.012,0.012
British Alnico 2x12 Bright 421,0.8,52.0292,10.39,0.205,731.5,227.1,0.012,0.012
British Alnico 2x12 Bright 421,0.9,110.193,10.38,0.109,731.5,227.1,0.012,0.012
British Alnico 2x12 Bright 421,0.95,226.345,10.38,0.056,731.5,227.1,0.012,0.012
British Alnico 2x12 Bright 421,0.98,574.675,10.38,0.023,731.5,227.1,0.012,0.012
British Alnico 2x12 Bright 87,0,0,11.25,0.786,797.1,155.6,0.012,0.012
British Alnico 2x12 Bright 87,0.5,16.7497,11.23,0.411,797.1,155.6,0.012,0.012
British Alnico 2x12 Bright 87,0.8,52.0292,11.22,0.183,797.1,155.6,0.012,0.012
British Alnico 2x12 Bright 87,0.9,110.193,11.21,0.096,797.1,155.6,0.012,0.012
British Alnico 2x12 Bright 87,0.95,226.345,11.21,0.049,797.1,155.6,0.012,0.012
British Alnico 2x12 Bright 87,0.98,574.675,11.19,0.020,797.1,155.6,0.012,0.012
British Alnico 2x12 Dark 160,0,0,11.08,0.853,152.6,75.5,0.012,0.012
British Alnico 2x12 Dark 160,0.5,16.7497,11.06,0.425,152.6,75.5,0.012,0.012
British Alnico 2x12 Dark 160,0.8,52.0292,11.05,0.183,152.6,75.5,0.012,0.012
British Alnico 2x12 Dark 160,0.9,110.193,11.04,0.095,152.6,75.5,0.012,0.012
British Alnico 2x12 Dark 160,0.95,226.345,11.04,0.049,152.6,75.5,0.012,0.012
British Alnico 2x12 Dark 160,0.98,574.675,11.04,0.020,152.6,75.5,0.012,0.012
British Alnico 2x12 Dark 421,0,0,10.66,0.762,693.6,220.4,0.012,0.012
British Alnico 2x12 Dark 421,0.5,16.7497,10.64,0.418,693.6,220.4,0.012,0.012
British Alnico 2x12 Dark 421,0.8,52.0292,10.62,0.192,693.6,220.4,0.012,0.012
British Alnico 2x12 Dark 421,0.9,110.193,10.61,0.102,693.6,220.4,0.012,0.012
British Alnico 2x12 Dark 421,0.95,226.345,10.61,0.053,693.6,220.4,0.012,0.012
British Alnico 2x12 Dark 421,0.98,574.675,10.60,0.022,693.6,220.4,0.012,0.012
British Alnico 2x12 Dark 87,0,0,10.32,0.808,1097.0,188.7,0.012,0.012
British Alnico 2x12 Dark 87,0.5,16.7497,10.30,0.421,1097.0,188.7,0.012,0.012
British Alnico 2x12 Dark 87,0.8,52.0292,10.28,0.188,1097.0,188.7,0.012,0.012
British Alnico 2x12 Dark 87,0.9,110.193,10.27,0.098,1097.0,188.7,0.012,0.012
British Alnico 2x12 Dark 87,0.95,226.345,10.27,0.050,1097.0,188.7,0.012,0.012
British Alnico 2x12 Dark 87,0.98,574.675,10.25,0.021,1097.0,188.7,0.012,0.012
British Alnico 2x12 Medium 160,0,0,9.86,0.741,1176.8,181.9,0.012,0.012
British Alnico 2x12 Medium 160,0.5,16.7497,9.84,0.398,1176.8,181.9,0.012,0.012
British Alnico 2x12 Medium 160,0.8,52.0292,9.83,0.181,1176.8,181.9,0.012,0.012
British Alnico 2x12 Medium 160,0.9,110.193,9.82,0.095,1176.8,181.9,0.012,0.012
British Alnico 2x12 Medium 160,0.95,226.345,9.81,0.049,1176.8,181.9,0.012,0.012
British Alnico 2x12 Medium 160,0.98,574.675,9.81,0.020,1176.8,181.9,0.012,0.012
British Alnico 2x12 Medium 421,0,0,12.05,0.804,373.4,192.7,0.012,0.012
British Alnico 2x12 Medium 421,0.5,16.7497,12.04,0.432,373.4,192.7,0.012,0.012
British Alnico 2x12 Medium 421,0.8,52.0292,12.03,0.195,373.4,192.7,0.012,0.012
British Alnico 2x12 Medium 421,0.9,110.193,12.02,0.103,373.4,192.7,0.012,0.012
British Alnico 2x12 Medium 421,0.95,226.345,12.01,0.053,373.4,192.7,0.012,0.012
British Alnico 2x12 Medium 421,0.98,574.675,12.00,0.022,373.4,192.7,0.012,0.012
British Alnico 2x12 Medium 87,0,0,10.46,0.805,1109.6,159.7,0.012,0.012
British Alnico 2x12 Medium 87,0.5,16.7497,10.45,0.423,1109.6,159.7,0.012,0.012
British Alnico 2x12 Medium 87,0.8,52.0292,10.43,0.190,1109.6,159.7,0.012,0.012
British Alnico 2x12 Medium 87,0.9,110.193,10.42,0.100,1109.6,159.7,0.012,0.012
British Alnico 2x12 Medium 87,0.95,226.345,10.41,0.051,1109.6,159.7,0.012,0.012
British Alnico 2x12 Medium 87,0.98,574.675,10.38,0.021,1109.6,159.7,0.012,0.012
British Checkerboard 4x12 Bright Mix,0,0,11.78,0.789,831.1,207.4,0.012,0.012
British Checkerboard 4x12 Bright Mix,0.5,16.7497,11.76,0.432,831.1,207.4,0.012,0.012
British Checkerboard 4x12 Bright Mix,0.8,52.0292,11.75,0.200,831.1,207.4,0.012,0.012
British Checkerboard 4x12 Bright Mix,0.9,110.193,11.74,0.107,831.1,207.4,0.012,0.012
British Checkerboard 4x12 Bright Mix,0.95,226.345,11.73,0.055,831.1,207.4,0.012,0.012
British Checkerboard 4x12 Bright Mix,0.98,574.675,11.73,0.023,831.1,207.4,0.012,0.012
British Checkerboard 4x12 Dark Mix,0,0,11.09,0.822,617.2,177.0,0.012,0.012
British Checkerboard 4x12 Dark Mix,0.5,16.7497,11.07,0.453,617.2,177.0,0.012,0.012
British Checkerboard 4x12 Dark Mix,0.8,52.0292,11.05,0.208,617.2,177.0,0.012,0.012
British Checkerboard 4x12 Dark Mix,0.9,110.193,11.04,0.110,617.2,177.0,0.012,0.012
British Checkerboard 4x12 Dark Mix,0.95,226.345,11.03,0.056,617.2,177.0,0.012,0.012
British Checkerboard 4x12 Dark Mix,0.98,574.675,11.02,0.023,617.2,177.0,0.012,0.012
British Checkerboard 4x12 Medium Mix,0,0,11.25,0.827,588.2,198.3,0.012,0.012
British Checkerboard 4x12 Medium Mix,0.5,16.7497,11.22,0.460,588.2,198.3,0.012,0.012
British Checkerboard 4x12 Medium Mix,0.8,52.0292,11.20,0.211,588.2,198.3,0.012,0.012
British Checkerboard 4x12 Medium Mix,0.9,110.193,11.19,0.112,588.2,198.3,0.012,0.012
British Checkerboard 4x12 Medium Mix,0.95,226.345,11.18,0.058,588.2,198.3,0.012,0.012
British Checkerboard 4x12 Medium Mix,0.98,574.675,11.18,0.024,588.2,198.3,0.012,0.012
British Checkerboard 4x12 Bright 160,0,0,11.66,0.786,961.8,211.9,0.012,0.012
British Checkerboard 4x12 Bright 160,0.5,16.7497,11.64,0.436,961.8,211.9,0.012,0.012
British Checkerboard 4x12 Bright 160,0.8,52.0292,11.62,0.203,961.8,211.9,0.012,0.012
British Checkerboard 4x12 Bright 160,0.9,110.193,11.61,0.108,961.8,211.9,0.012,0.012
British Checkerboard 4x12 Bright 160,0.95,226.345,11.60,0.056,961.8,211.9,0.012,0.012
British Checkerboard 4x12 Bright 160,0.98,574.675,11.60,0.023,961.8,211.9,0.012,0.012
British Checkerboard 4x12 Bright 421,0,0,11.95,0.808,708.4,196.7,0.012,0.012
British Checkerboard 4x12 Bright 421,0.5,16.7497,11.93,0.457,708.4,196.7,0.012,0.012
British Checkerboard 4x12 Bright 421,0.8,52.0292,11.91,0.216,708.4,196.7,0.012,0.012
British Checkerboard 4x12 Bright 421,0.9,110.193,11.90,0.115,708.4,196.7,0.012,0.012
British Checkerboard 4x12 Bright 421,0.95,226.345,11.90,0.059,708.4,196.7,0.012,0.012
British Checkerboard 4x12 Bright 421,0.98,574.675,11.90,0.024,708.4,196.7,0.012,0.012
British Checkerboard 4x12 Dark 160,0,0,10.88,0.809,932.4,158.7,0.012,0.012
British Checkerboard 4x12 Dark 160,0.5,16.7497,10.86,0.444,932.4,158.7,0.012,0.012
British Checkerboard 4x12 Dark 160,0.8,52.0292,10.83,0.203,932.4,158.7,0.012,0.012
British Checkerboard 4x12 Dark 160,0.9,110.193,10.82,0.107,932.4,158.7,0.012,0.012
British Checkerboard 4x12 Dark 160,0.95,226.345,10.81,0.055,932.4,158.7,0.012,0.012
British Checkerboard 4x12 Dark 160,0.98,574.675,10.79,0.023,932.4,158.7,0.012,0.012
British Checkerboard 4x12 Dark 421,0,0,11.89,0.838,710.7,202.6,0.012,0.012
British Checkerboard 4x12 Dark 421,0.5,16.7497,11.87,0.457,710.7,202.6,0.012,0.012
British Checkerboard 4x12 Dark 421,0.8,52.0292,11.84,0.210,710.7,202.6,0.012,0.012
British Checkerboard 4x12 Dark 421,0.9,110.193,11.83,0.111,710.7,202.6,0.012,0.012
British Checkerboard 4x12 Dark 421,0.95,226.345,11.82,0.057,710.7,202.6,0.012,0.012
British Checkerboard 4x12 Dark 421,0.98,574.675,11.82,0.023,710.7,202.6,0.012,0.012
British Checkerboard 4x12 Medium 160,0,0,10.87,0.799,892.6,194.0,0.012,0.012
British Checkerboard 4x12 Medium 160,0.5,16.7497,10.85,0.454,892.6,194.0,0.012,0.012
British Checkerboard 4x12 Medium 160,0.8,52.0292,10.83,0.212,892.6,194.0,0.012,0.012
British Checkerboard 4x12 Medium 160,0.9,110.193,10.81,0.112,892.6,194.0,0.012,0.012
British Checkerboard 4x12 Medium 160,0.95,226.345,10.81,0.057,892.6,194.0,0.012,0.012
British Checkerboard 4x12 Medium 160,0.98,574.675,10.80,0.023,892.6,194.0,0.012,0.012
British Checkerboard 4x12 Medium 421,0,0,11.77,0.900,529.7,200.5,0.012,0.012
British Checkerboard 4x12 Medium 421,0.5,16.7497,11.76,0.495,529.7,200.5,0.012,0.012
British Checkerboard 4x12 Medium 421,0.8,52.0292,11.73,0.228,529.7,200.5,0.012,0.012
British Checkerboard 4x12 Medium 421,0.9,110.193,11.72,0.121,529.7,200.5,0.012,0.012
British Checkerboard 4x12 Medium 421,0.95,226.345,11.71,0.063,529.7,200.5,0.012,0.012
British Checkerboard 4x12 Medium 421,0.98,574.675,11.71,0.026,529.7,200.5,0.012,0.012
British Straight 4x12 Bright Mix,0,0,12.64,0.847,945.9,234.0,0.012,0.012
British Straight 4x12 Bright Mix,0.5,16.7497,12.63,0.442,945.9,234.0,0.012,0.012
British Straight 4x12 Bright Mix,0.8,52.0292,12.61,0.198,945.9,234.0,0.012,0.012
British Straight 4x12 Bright Mix,0.9,110.193,12.60,0.104,945.9,234.0,0.012,0.012
British Straight 4x12 Bright Mix,0.95,226.345,12.60,0.053,945.9,234.0,0.012,0.012
British Straight 4x12 Bright Mix,0.98,574.675,12.59,0.022,945.9,234.0,0.012,0.012
British Straight 4x12 Dark Mix,0,0,11.72,0.845,500.9,240.4,0.012,0.012
British Straight 4x12 Dark Mix,0.5,16.7497,11.70,0.440,500.9,240.4,0.012,0.012
British Straight 4x12 Dark Mix,0.8,52.0292,11.69,0.197,500.9,240.4,0.012,0.012
British Straight 4x12 Dark Mix,0.9,110.193,11.68,0.104,500.9,240.4,0.012,0.012
British Straight 4x12 Dark Mix,0.95,226.345,11.67,0.054,500.9,240.4,0.012,0.012
British Straight 4x12 Dark Mix,0.98,574.675,11.67,0.022,500.9,240.4,0.012,0.012
British Straight 4x12 Medium Mix,0,0,11.54,0.837,361.0,218.2,0.012,0.012
British Straight 4x12 Medium Mix,0.5,16.7497,11.52,0.446,361.0,218.2,0.012,0.012
British Straight 4x12 Medium Mix,0.8,52.0292,11.50,0.205,361.0,218.2,0.012,0.012
British Straight 4x12 Medium Mix,0.9,110.193,11.49,0.109,361.0,218.2,0.012,0.012
British Straight 4x12 Medium Mix,0.95,226.345,11.48,0.056,361.0,218.2,0.012,0.012
British Straight 4x12 Medium Mix,0.98,574.675,11.48,0.023,361.0,218.2,0.012,0.012
British Straight 4x12 Bright 160,0,0,11.12,0.776,591.4,165.1,0.012,0.012
British Straight 4x12 Bright 160,0.5,16.7497,11.10,0.429,591.4,165.1,0.012,0.012
British Straight 4x12 Bright 160,0.8,52.0292,11.08,0.199,591.4,165.1,0.012,0.012
British Straight 4x12 Bright 160,0.9,110.193,11.08,0.105,591.4,165.1,0.012,0.012
British Straight 4x12 Bright 160,0.95,226.345,11.07,0.054,591.4,165.1,0.012,0.012
British Straight 4x12 Bright 160,0.98,574.675,11.07,0.022,591.4,165.1,0.012,0.012
British Straight 4x12 Bright 57,0,0,12.72,0.786,1310.8,229.6,0.012,0.012
British Straight 4x12 Bright 57,0.5,16.7497,12.70,0.412,1310.8,229.6,0.012,0.012
British Straight 4x12 Bright 57,0.8,52.0292,12.69,0.184,1310.8,229.6,0.012,0.012
British Straight 4x12 Bright 57,0.9,110.193,12.68,0.097,1310.8,229.6,0.012,0.012
British Straight 4x12 Bright 57,0.95,226.345,12.68,0.050,1310.8,229.6,0.012,0.012
British Straight 4x12 Bright 57,0.98,574.675,12.67,0.020,1310.8,229.6,0.012,0.012
British Straight 4x12 Dark 160,0,0,11.80,0.803,632.1,186.8,0.012,0.012
British Straight 4x12 Dark 160,0.5,16.7497,11.78,0.426,632.1,186.8,0.012,0.012
British Straight 4x12 Dark 160,0.8,52.0292,11.77,0.191,632.1,186.8,0.012,0.012
British Straight 4x12 Dark 160,0.9,110.193,11.76,0.101,632.1,186.8,0.012,0.012
British Straight 4x12 Dark 160,0.95,226.345,11.76,0.052,632.1,186.8,0.012,0.012
British Straight 4x12 Dark 160,0.98,574.675,11.76,0.021,632.1,186.8,0.012,0.012
British Straight 4x12 Dark 421,0,0,11.82,0.802,662.4,338.9,0.012,0.012
British Straight 4x12 Dark 421,0.5,16.7497,11.81,0.433,662.4,338.9,0.012,0.012
British Straight 4x12 Dark 421,0.8,52.0292,11.79,0.198,662.4,338.9,0.012,0.012
British Straight 4x12 Dark 421,0.9,110.193,11.78,0.105,662.4,338.9,0.012,0.012
British Straight 4x12 Dark 421,0.95,226.345,11.77,0.054,662.4,338.9,0.012,0.012
British Straight 4x12 Dark 421,0.98,574.675,11.77,0.022,662.4,338.9,0.012,0.012
British Straight 4x12 Dark 87,0,0,11.18,0.847,693.2,220.7,0.012,0.012
British Straight 4x12 Dark 87,0.5,16.7497,11.16,0.450,693.2,220.7,0.012,0.012
British Straight 4x12 Dark 87,0.8,52.0292,11.14,0.203,693.2,220.7,0.012,0.012
British Straight 4x12 Dark 87,0.9,110.193,11.13,0.107,693.2,220.7,0.012,0.012
British Straight 4x12 Dark 87,0.95,226.345,11.13,0.055,693.2,220.7,0.012,0.012
British Straight 4x12 Dark 87,0.98,574.675,11.10,0.022,693.2,220.7,0.012,0.012
British Straight 4x12 Medium 160,0,0,11.38,0.817,508.3,209.6,0.012,0.012
British Straight 4x12 Medium 160,0.5,16.7497,11.36,0.440,508.3,209.6,0.012,0.012
British Straight 4x12 Medium 160,0.8,52.0292,11.34,0.201,508.3,209.6,0.012,0.012
British Straight 4x12 Medium 160,0.9,110.193,11.33,0.106,508.3,209.6,0.012,0.012
British Straight 4x12 Medium 160,0.95,226.345,11.33,0.054,508.3,209.6,0.012,0.012
British Straight 4x12 Medium 160,0.98,574.675,11.32,0.022,508.3,209.6,0.012,0.012
British Straight 4x12 Medium 421,0,0,11.47,0.876,727.2,320.3,0.012,0.012
British Straight 4x12 Medium 421,0.5,16.7497,11.45,0.473,727.2,320.3,0.012,0.012
British Straight 4x12 Medium 421,0.8,52.0292,11.43,0.215,727.2,320.3,0.012,0.012
British Straight 4x12 Medium 421,0.9,110.193,11.43,0.114,727.2,320.3,0.012,0.012
British Straight 4x12 Medium 421,0.95,226.345,11.42,0.059,727.2,320.3,0.012,0.012
British Straight 4x12 Medium 421,0.98,574.675,11.42,0.024,727.2,320.3,0.012,0.012
Brown Deluxe 1x12 Bright Mix,0,0,13.42,0.857,612.9,302.5,0.012,0.012
Brown Deluxe 1x12 Bright Mix,0.5,16.7497,13.40,0.453,612.9,302.5,0.012,0.012
Brown Deluxe 1x12 Bright Mix,0.8,52.0292,13.39,0.204,612.9,302.5,0.012,0.012
Brown Deluxe 1x12 Bright Mix,0.9,110.193,13.38,0.108,612.9,302.5,0.012,0.012
Brown Deluxe 1x12 Bright Mix,0.95,226.345,13.38,0.055,612.9,302.5,0.012,0.012
Brown Deluxe 1x12 Bright Mix,0.98,574.675,13.37,0.023,612.9,302.5,0.012,0.012
Brown Deluxe 1x12 Dark Mix,0,0,13.76,0.962,607.9,197.3,0.012,0.012
Brown Deluxe 1x12 Dark Mix,0.5,16.7497,13.75,0.478,607.9,197.3,0.012,0.012
Brown Deluxe 1x12 Dark Mix,0.8,52.0292,13.73,0.210,607.9,197.3,0.012,0.012
Brown Deluxe 1x12 Dark Mix,0.9,110.193,13.72,0.110,607.9,197.3,0.012,0.012
Brown Deluxe 1x12 Dark Mix,0.95,226.345,13.72,0.057,607.9,197.3,0.012,0.012
Brown Deluxe 1x12 Dark Mix,0.98,574.675,13.71,0.023,607.9,197.3,0.012,0.012
Brown Deluxe 1x12 Medium Mix,0,0,13.20,0.853,758.2,281.6,0.012,0.012
Brown Deluxe 1x12 Medium Mix,0.5,16.7497,13.18,0.446,758.2,281.6,0.012,0.012
Brown Deluxe 1x12 Medium Mix,0.8,52.0292,13.17,0.204,758.2,281.6,0.012,0.012
Brown Deluxe 1x12 Medium Mix,0.9,110.193,13.17,0.108,758.2,281.6,0.012,0.012
Brown Deluxe 1x12 Medium Mix,0.95,226.345,13.16,0.055,758.2,281.6,0.012,0.012
Brown Deluxe 1x12 Medium Mix,0.98,574.675,13.17,0.023,758.2,281.6,0.012,0.012
Brown Deluxe 1x12 Bright 160,0,0,12.63,0.844,290.0,178.3,0.012,0.012
Brown Deluxe 1x12 Bright 160,0.5,16.7497,12.61,0.443,290.0,178.3,0.012,0.012
Brown Deluxe 1x12 Bright 160,0.8,52.0292,12.60,0.203,290.0,178.3,0.012,0.012
Brown Deluxe 1x12 Bright 160,0.9,110.193,12.59,0.108,290.0,178.3,0.012,0.012
Brown Deluxe 1x12 Bright 160,0.95,226.345,12.59,0.056,290.0,178.3,0.012,0.012
Brown Deluxe 1x12 Bright 160,0.98,574.675,12.59,0.023,290.0,178.3,0.012,0.012
Brown Deluxe 1x12 Bright 57,0,0,13.74,0.758,688.2,365.6,0.012,0.012
Brown Deluxe 1x12 Bright 57,0.5,16.7497,13.73,0.402,688.2,365.6,0.012,0.012
Brown Deluxe 1x12 Bright 57,0.8,52.0292,13.72,0.181,688.2,365.6,0.012,0.012
Brown Deluxe 1x12 Bright 57,0.9,110.193,13.71,0.094,688.2,365.6,0.012,0.012
Brown Deluxe 1x12 Bright 57,0.95,226.345,13.71,0.048,688.2,365.6,0.012,0.012
Brown Deluxe 1x12 Bright 57,0.98,574.675,13.71,0.020,688.2,365.6,0.012,0.012
Brown Deluxe 1x12 Bright 87,0,0,13.63,0.902,382.3,229.4,0.012,0.012
Brown Deluxe 1x12 Bright 87,0.5,16.7497,13.62,0.458,382.3,229.4,0.012,0.012
Brown Deluxe 1x12 Bright 87,0.8,52.0292,13.61,0.201,382.3,229.4,0.012,0.012
Brown Deluxe 1x12 Bright 87,0.9,110.193,13.60,0.105,382.3,229.4,0.012,0.012
Brown Deluxe 1x12 Bright 87,0.95,226.345,13.60,0.054,382.3,229.4,0.012,0.012
Brown Deluxe 1x12 Bright 87,0.98,574.675,13.60,0.022,382.3,229.4,0.012,0.012
Brown Deluxe 1x12 Dark 160,0,0,12.89,1.024,211.4,118.8,0.012,0.012
Brown Deluxe 1x12 Dark 160,0.5,16.7497,12.87,0.516,211.4,118.8,0.012,0.012
Brown Deluxe 1x12 Dark 160,0.8,52.0292,12.85,0.228,211.4,118.8,0.012,0.012
Brown Deluxe 1x12 Dark 160,0.9,110.193,12.84,0.119,211.4,118.8,0.012,0.012
Brown Deluxe 1x12 Dark 160,0.95,226.345,12.83,0.061,211.4,118.8,0.012,0.012
Brown Deluxe 1x12 Dark 160,0.98,574.675,12.82,0.025,211.4,118.8,0.012,0.012
Brown Deluxe 1x12 Dark 421,0,0,13.62,1.061,157.8,114.5,0.012,0.012
Brown Deluxe 1x12 Dark 421,0.5,16.7497,13.61,0.529,157.8,114.5,0.012,0.012
Brown Deluxe 1x12 Dark 421,0.8,52.0292,13.59,0.232,157.8,114.5,0.012,0.012
Brown Deluxe 1x12 Dark 421,0.9,110.193,13.59,0.121,157.8,114.5,0.012,0.012
Brown Deluxe 1x12 Dark 421,0.95,226.345,13.58,0.062,157.8,114.5,0.012,0.012
Brown Deluxe 1x12 Dark 421,0.98,574.675,13.57,0.025,157.8,114.5,0.012,0.012
Brown Deluxe 1x12 Dark 57,0,0,14.01,0.873,832.4,253.1,0.012,0.012
Brown Deluxe 1x12 Dark 57,0.5,16.7497,14.00,0.455,832.4,253.1,0.012,0.012
Brown Deluxe 1x12 Dark 57,0.8,52.0292,13.99,0.203,832.4,253.1,0.012,0.012
Brown Deluxe 1x12 Dark 57,0.9,110.193,13.99,0.107,832.4,253.1,0.012,0.012
Brown Deluxe 1x12 Dark 57,0.95,226.345,13.99,0.055,832.4,253.1,0.012,0.012
Brown Deluxe 1x12 Dark 57,0.98,574.675,13.99,0.022,832.4,253.1,0.012,0.012
Brown Deluxe 1x12 Medium 160,0,0,12.65,0.853,387.8,196.4,0.012,0.012
Brown Deluxe 1x12 Medium 160,0.5,16.7497,12.64,0.450,387.8,196.4,0.012,0.012
Brown Deluxe 1x12 Medium 160,0.8,52.0292,12.62,0.204,387.8,196.4,0.012,0.012
Brown Deluxe 1x12 Medium 160,0.9,110.193,12.61,0.108,387.8,196.4,0.012,0.012
Brown Deluxe 1x12 Medium 160,0.95,226.345,12.61,0.056,387.8,196.4,0.012,0.012
Brown Deluxe 1x12 Medium 160,0.98,574.675,12.61,0.023,387.8,196.4,0.012,0.012
Brown Deluxe 1x12 Medium 57,0,0,13.51,0.774,732.4,284.3,0.012,0.012
Brown Deluxe 1x12 Medium 57,0.5,16.7497,13.50,0.416,732.4,284.3,0.012,0.012
Brown Deluxe 1x12 Medium 57,0.8,52.0292,13.49,0.191,732.4,284.3,0.012,0.012
Brown Deluxe 1x12 Medium 57,0.9,110.193,13.48,0.101,732.4,284.3,0.012,0.012
Brown Deluxe 1x12 Medium 57,0.95,226.345,13.47,0.052,732.4,284.3,0.012,0.012
Brown Deluxe 1x12 Medium 57,0.98,574.675,13.47,0.021,732.4,284.3,0.012,0.012
Brown Deluxe 1x12 Medium 87,0,0,13.21,0.956,451.2,128.6,0.012,0.012
Brown Deluxe 1x12 Medium 87,0.5,16.7497,13.20,0.469,451.2,128.6,0.012,0.012
Brown Deluxe 1x12 Medium 87,0.8,52.0292,13.18,0.201,451.2,128.6,0.012,0.012
Brown Deluxe 1x12 Medium 87,0.9,110.193,13.17,0.104,451.2,128.6,0.012,0.012
Brown Deluxe 1x12 Medium 87,0.95,226.345,13.17,0.053,451.2,128.6,0.012,0.012
Brown Deluxe 1x12 Medium 87,0.98,574.675,13.14,0.022,451.2,128.6,0.012,0.012
LuxOVibe 2x10 Bright 160,0,0,13.23,0.838,1061.2,194.9,0.012,0.012
LuxOVibe 2x10 Bright 160,0.5,16.7497,13.22,0.439,1061.2,194.9,0.012,0.012
LuxOVibe 2x10 Bright 160,0.8,52.0292,13.20,0.197,1061.2,194.9,0.012,0.012
LuxOVibe 2x10 Bright 160,0.9,110.193,13.19,0.104,1061.2,194.9,0.012,0.012
LuxOVibe 2x10 Bright 160,0.95,226.345,13.19,0.054,1061.2,194.9,0.012,0.012
LuxOVibe 2x10 Bright 160,0.98,574.675,13.19,0.022,1061.2,194.9,0.012,0.012
LuxOVibe 2x10 Bright 421,0,0,13.47,0.868,872.8,180.3,0.012,0.012
LuxOVibe 2x10 Bright 421,0.5,16.7497,13.45,0.459,872.8,180.3,0.012,0.012
LuxOVibe 2x10 Bright 421,0.8,52.0292,13.44,0.207,872.8,180.3,0.012,0.012
LuxOVibe 2x10 Bright 421,0.9,110.193,13.43,0.109,872.8,180.3,0.012,0.012
LuxOVibe 2x10 Bright 421,0.95,226.345,13.43,0.056,872.8,180.3,0.012,0.012
LuxOVibe 2x10 Bright 421,0.98,574.675,13.44,0.023,872.8,180.3,0.012,0.012
LuxOVibe 2x10 Dark 160,0,0,13.27,0.977,544.6,110.7,0.012,0.012
LuxOVibe 2x10 Dark 160,0.5,16.7497,13.25,0.484,544.6,110.7,0.012,0.012
LuxOVibe 2x10 Dark 160,0.8,52.0292,13.24,0.206,544.6,110.7,0.012,0.012
LuxOVibe 2x10 Dark 160,0.9,110.193,13.23,0.107,544.6,110.7,0.012,0.012
LuxOVibe 2x10 Dark 160,0.95,226.345,13.22,0.054,544.6,110.7,0.012,0.012
LuxOVibe 2x10 Dark 160,0.98,574.675,13.21,0.022,544.6,110.7,0.012,0.012
LuxOVibe 2x10 Dark 421,0,0,14.41,0.962,550.8,182.7,0.012,0.012
LuxOVibe 2x10 Dark 421,0.5,16.7497,14.39,0.480,550.8,182.7,0.012,0.012
LuxOVibe 2x10 Dark 421,0.8,52.0292,14.38,0.207,550.8,182.7,0.012,0.012
LuxOVibe 2x10 Dark 421,0.9,110.193,14.37,0.108,550.8,182.7,0.012,0.012
LuxOVibe 2x10 Dark 421,0.95,226.345,14.37,0.055,550.8,182.7,0.012,0.012
LuxOVibe 2x10 Dark 421,0.98,574.675,14.37,0.022,550.8,182.7,0.012,0.012
LuxOVibe 2x10 Medium 160,0,0,13.12,0.898,719.2,150.1,0.012,0.012
LuxOVibe 2x10 Medium 160,0.5,16.7497,13.10,0.462,719.2,150.1,0.012,0.012
LuxOVibe 2x10 Medium 160,0.8,52.0292,13.09,0.206,719.2,150.1,0.012,0.012
LuxOVibe 2x10 Medium 160,0.9,110.193,13.08,0.108,719.2,150.1,0.012,0.012
LuxOVibe 2x10 Medium 160,0.95,226.345,13.07,0.055,719.2,150.1,0.012,0.012
LuxOVibe 2x10 Medium 160,0.98,574.675,13.06,0.022,719.2,150.1,0.012,0.012
LuxOVibe 2x10 Medium 421,0,0,13.61,0.963,665.0,192.3,0.012,0.012
LuxOVibe 2x10 Medium 421,0.5,16.7497,13.60,0.496,665.0,192.3,0.012,0.012
LuxOVibe 2x10 Medium 421,0.8,52.0292,13.58,0.220,665.0,192.3,0.012,0.012
LuxOVibe 2x10 Medium 421,0.9,110.193,13.57,0.115,665.0,192.3,0.012,0.012
LuxOVibe 2x10 Medium 421,0.95,226.345,13.57,0.059,665.0,192.3,0.012,0.012
LuxOVibe 2x10 Medium 421,0.98,574.675,13.57,0.024,665.0,192.3,0.012,0.012
LuxOVibe 2x10 Bright Mix,0,0,13.43,0.865,1117.7,204.4,0.012,0.012
LuxOVibe 2x10 Bright Mix,0.5,16.7497,13.42,0.450,1117.7,204.4,0.012,0.012
LuxOVibe 2x10 Bright Mix,0.8,52.0292,13.40,0.202,1117.7,204.4,0.012,0.012
LuxOVibe 2x10 Bright Mix,0.9,110.193,13.39,0.106,1117.7,204.4,0.012,0.012
LuxOVibe 2x10 Bright Mix,0.95,226.345,13.39,0.055,1117.7,204.4,0.012,0.012
LuxOVibe 2x10 Bright Mix,0.98,574.675,13.37,0.022,1117.7,204.4,0.012,0.012
LuxOVibe 2x10 Dark Mix,0,0,13.79,0.942,471.7,120.2,0.012,0.012
LuxOVibe 2x10 Dark Mix,0.5,16.7497,13.77,0.468,471.7,120.2,0.012,0.012
LuxOVibe 2x10 Dark Mix,0.8,52.0292,13.76,0.202,471.7,120.2,0.012,0.012
LuxOVibe 2x10 Dark Mix,0.9,110.193,13.75,0.105,471.7,120.2,0.012,0.012
LuxOVibe 2x10 Dark Mix,0.95,226.345,13.75,0.054,471.7,120.2,0.012,0.012
LuxOVibe 2x10 Dark Mix,0.98,574.675,13.74,0.022,471.7,120.2,0.012,0.012
LuxOVibe 2x10 Medium Mix,0,0,13.46,0.921,1083.3,151.0,0.012,0.012
LuxOVibe 2x10 Medium Mix,0.5,16.7497,13.44,0.463,1083.3,151.0,0.012,0.012
LuxOVibe 2x10 Medium Mix,0.8,52.0292,13.43,0.201,1083.3,151.0,0.012,0.012
LuxOVibe 2x10 Medium Mix,0.9,110.193,13.42,0.105,1083.3,151.0,0.012,0.012
LuxOVibe 2x10 Medium Mix,0.95,226.345,13.42,0.054,1083.3,151.0,0.012,0.012
LuxOVibe 2x10 Medium Mix,0.98,574.675,13.42,0.022,1083.3,151.0,0.012,0.012
Magma Vintage 1x12 Bright Mix,0,0,11.45,0.779,296.5,138.2,0.012,0.012
Magma Vintage 1x12 Bright Mix,0.5,16.7497,11.43,0.415,296.5,138.2,0.012,0.012
Magma Vintage 1x12 Bright Mix,0.8,52.0292,11.42,0.188,296.5,138.2,0.012,0.012
Magma Vintage 1x12 Bright Mix,0.9,110.193,11.41,0.098,296.5,138.2,0.012,0.012
Magma Vintage 1x12 Bright Mix,0.95,226.345,11.41,0.050,296.5,138.2,0.012,0.012
Magma Vintage 1x12 Bright Mix,0.98,574.675,11.41,0.020,296.5,138.2,0.012,0.012
Magma Vintage 1x12 Dark Mix,0,0,11.31,0.828,263.9,134.0,0.012,0.012
Magma Vintage 1x12 Dark Mix,0.5,16.7497,11.30,0.429,263.9,134.0,0.012,0.012
Magma Vintage 1x12 Dark Mix,0.8,52.0292,11.28,0.189,263.9,134.0,0.012,0.012
Magma Vintage 1x12 Dark Mix,0.9,110.193,11.28,0.098,263.9,134.0,0.012,0.012
Magma Vintage 1x12 Dark Mix,0.95,226.345,11.27,0.050,263.9,134.0,0.012,0.012
Magma Vintage 1x12 Dark Mix,0.98,574.675,11.26,0.020,263.9,134.0,0.012,0.012
Magma Vintage 1x12 Medium Mix,0,0,11.15,0.798,409.4,171.6,0.012,0.012
Magma Vintage 1x12 Medium Mix,0.5,16.7497,11.13,0.413,409.4,171.6,0.012,0.012
Magma Vintage 1x12 Medium Mix,0.8,52.0292,11.12,0.183,409.4,171.6,0.012,0.012
Magma Vintage 1x12 Medium Mix,0.9,110.193,11.11,0.096,409.4,171.6,0.012,0.012
Magma Vintage 1x12 Medium Mix,0.95,226.345,11.11,0.049,409.4,171.6,0.012,0.012
Magma Vintage 1x12 Medium Mix,0.98,574.675,11.11,0.020,409.4,171.6,0.012,0.012
Magma Vintage 1x12 Bright 160,0,0,10.75,0.763,119.1,75.4,0.012,0.012
Magma Vintage 1x12 Bright 160,0.5,16.7497,10.74,0.414,119.1,75.4,0.012,0.012
Magma Vintage 1x12 Bright 160,0.8,52.0292,10.72,0.189,119.1,75.4,0.012,0.012
Magma Vintage 1x12 Bright 160,0.9,110.193,10.71,0.099,119.1,75.4,0.012,0.012
Magma Vintage 1x12 Bright 160,0.95,226.345,10.71,0.051,119.1,75.4,0.012,0.012
Magma Vintage 1x12 Bright 160,0.98,574.675,10.72,0.021,119.1,75.4,0.012,0.012
Magma Vintage 1x12 Bright 421,0,0,11.11,0.718,319.5,141.5,0.012,0.012
Magma Vintage 1x12 Bright 421,0.5,16.7497,11.09,0.391,319.5,141.5,0.012,0.012
Magma Vintage 1x12 Bright 421,0.8,52.0292,11.08,0.178,319.5,141.5,0.012,0.012
Magma Vintage 1x12 Bright 421,0.9,110.193,11.07,0.094,319.5,141.5,0.012,0.012
Magma Vintage 1x12 Bright 421,0.95,226.345,11.07,0.048,319.5,141.5,0.012,0.012
Magma Vintage 1x12 Bright 421,0.98,574.675,11.06,0.020,319.5,141.5,0.012,0.012
Magma Vintage 1x12 Bright 87,0,0,11.58,0.834,319.9,171.8,0.012,0.012
Magma Vintage 1x12 Bright 87,0.5,16.7497,11.56,0.427,319.9,171.8,0.012,0.012
Magma Vintage 1x12 Bright 87,0.8,52.0292,11.55,0.187,319.9,171.8,0.012,0.012
Magma Vintage 1x12 Bright 87,0.9,110.193,11.54,0.098,319.9,171.8,0.012,0.012
Magma Vintage 1x12 Bright 87,0.95,226.345,11.54,0.050,319.9,171.8,0.012,0.012
Magma Vintage 1x12 Bright 87,0.98,574.675,11.53,0.020,319.9,171.8,0.012,0.012
Magma Vintage 1x12 Dark 160,0,0,10.77,0.762,610.7,230.5,0.012,0.012
Magma Vintage 1x12 Dark 160,0.5,16.7497,10.76,0.402,610.7,230.5,0.012,0.012
Magma Vintage 1x12 Dark 160,0.8,52.0292,10.75,0.182,610.7,230.5,0.012,0.012
Magma Vintage 1x12 Dark 160,0.9,110.193,10.74,0.096,610.7,230.5,0.012,0.012
Magma Vintage 1x12 Dark 160,0.95,226.345,10.73,0.049,610.7,230.5,0.012,0.012
Magma Vintage 1x12 Dark 160,0.98,574.675,10.74,0.020,610.7,230.5,0.012,0.012
Magma Vintage 1x12 Dark 421,0,0,10.64,0.722,399.2,170.8,0.012,0.012
Magma Vintage 1x12 Dark 421,0.5,16.7497,10.63,0.395,399.2,170.8,0.012,0.012
Magma Vintage 1x12 Dark 421,0.8,52.0292,10.61,0.181,399.2,170.8,0.012,0.012
Magma Vintage 1x12 Dark 421,0.9,110.193,10.61,0.095,399.2,170.8,0.012,0.012
Magma Vintage 1x12 Dark 421,0.95,226.345,10.60,0.049,399.2,170.8,0.012,0.012
Magma Vintage 1x12 Dark 421,0.98,574.675,10.61,0.020,399.2,170.8,0.012,0.012
Magma Vintage 1x12 Dark 87,0,0,12.47,0.792,190.7,105.0,0.012,0.012
Magma Vintage 1x12 Dark 87,0.5,16.7497,12.46,0.422,190.7,105.0,0.012,0.012
Magma Vintage 1x12 Dark 87,0.8,52.0292,12.45,0.189,190.7,105.0,0.012,0.012
Magma Vintage 1x12 Dark 87,0.9,110.193,12.44,0.099,190.7,105.0,0.012,0.012
Magma Vintage 1x12 Dark 87,0.95,226.345,12.44,0.051,190.7,105.0,0.012,0.012
Magma Vintage 1x12 Dark 87,0.98,574.675,12.44,0.021,190.7,105.0,0.012,0.012
Magma Vintage 1x12 Medium 160,0,0,10.72,0.808,732.9,214.5,0.012,0.012
Magma Vintage 1x12 Medium 160,0.5,16.7497,10.70,0.428,732.9,214.5,0.012,0.012
Magma Vintage 1x12 Medium 160,0.8,52.0292,10.68,0.193,732.9,214.5,0.012,0.012
Magma Vintage 1x12 Medium 160,0.9,110.193,10.67,0.102,732.9,214.5,0.012,0.012
Magma Vintage 1x12 Medium 160,0.95,226.345,10.67,0.052,732.9,214.5,0.012,0.012
Magma Vintage 1x12 Medium 160,0.98,574.675,10.66,0.021,732.9,214.5,0.012,0.012
Magma Vintage 1x12 Medium 421,0,0,10.97,0.702,312.6,149.9,0.012,0.012
Magma Vintage 1x12 Medium 421,0.5,16.7497,10.96,0.390,312.6,149.9,0.012,0.012
Magma Vintage 1x12 Medium 421,0.8,52.0292,10.94,0.180,312.6,149.9,0.012,0.012
Magma Vintage 1x12 Medium 421,0.9,110.193,10.93,0.095,312.6,149.9,0.244,0.244
Magma Vintage 1x12 Medium 421,0.95,226.345,10.93,0.049,312.6,149.9,0.348,0.348
Magma Vintage 1x12 Medium 421,0.98,574.675,10.93,0.020,312.6,149.9,0.012,0.012
Magma Vintage 1x12 Medium 87,0,0,12.79,0.821,193.2,87.4,0.012,0.012
Magma Vintage 1x12 Medium 87,0.5,16.7497,12.78,0.429,193.2,87.4,0.012,0.012
Magma Vintage 1x12 Medium 87,0.8,52.0292,12.76,0.191,193.2,87.4,0.012,0.012
Magma Vintage 1x12 Medium 87,0.9,110.193,12.75,0.101,193.2,87.4,0.012,0.012
Magma Vintage 1x12 Medium 87,0.95,226.345,12.74,0.052,193.2,87.4,0.012,0.012
Magma Vintage 1x12 Medium 87,0.98,574.675,12.72,0.021,193.2,87.4,0.012,0.012
Modern Boutique 4x12 Bright Mix,0,0,11.95,0.820,1073.5,280.2,0.012,0.012
Modern Boutique 4x12 Bright Mix,0.5,16.7497,11.93,0.454,1073.5,280.2,0.012,0.012
Modern Boutique 4x12 Bright Mix,0.8,52.0292,11.91,0.210,1073.5,280.2,0.012,0.012
Modern Boutique 4x12 Bright Mix,0.9,110.193,11.90,0.110,1073.5,280.2,0.012,0.012
Modern Boutique 4x12 Bright Mix,0.95,226.345,11.90,0.057,1073.5,280.2,0.012,0.012
Modern Boutique 4x12 Bright Mix,0.98,574.675,11.89,0.023,1073.5,280.2,0.012,0.012
Modern Boutique 4x12 Dark Mix,0,0,11.28,0.777,910.0,251.4,0.012,0.012
Modern Boutique 4x12 Dark Mix,0.5,16.7497,11.26,0.423,910.0,251.4,0.012,0.012
Modern Boutique 4x12 Dark Mix,0.8,52.0292,11.24,0.196,910.0,251.4,0.012,0.012
Modern Boutique 4x12 Dark Mix,0.9,110.193,11.23,0.104,910.0,251.4,0.012,0.012
Modern Boutique 4x12 Dark Mix,0.95,226.345,11.23,0.054,910.0,251.4,0.012,0.012
Modern Boutique 4x12 Dark Mix,0.98,574.675,11.22,0.022,910.0,251.4,0.012,0.012
Modern Boutique 4x12 Medium Mix,0,0,11.90,0.859,1185.2,218.2,0.012,0.012
Modern Boutique 4x12 Medium Mix,0.5,16.7497,11.88,0.461,1185.2,218.2,0.012,0.012
Modern Boutique 4x12 Medium Mix,0.8,52.0292,11.86,0.208,1185.2,218.2,0.012,0.012
Modern Boutique 4x12 Medium Mix,0.9,110.193,11.85,0.109,1185.2,218.2,0.012,0.012
Modern Boutique 4x12 Medium Mix,0.95,226.345,11.85,0.056,1185.2,218.2,0.012,0.012
Modern Boutique 4x12 Medium Mix,0.98,574.675,11.85,0.023,1185.2,218.2,0.012,0.012
Modern Boutique 4x12 Bright 160,0,0,11.74,0.822,936.7,219.6,0.012,0.012
Modern Boutique 4x12 Bright 160,0.5,16.7497,11.72,0.443,936.7,219.6,0.012,0.012
Modern Boutique 4x12 Bright 160,0.8,52.0292,11.71,0.201,936.7,219.6,0.012,0.012
Modern Boutique 4x12 Bright 160,0.9,110.193,11.70,0.106,936.7,219.6,0.012,0.012
Modern Boutique 4x12 Bright 160,0.95,226.345,11.69,0.054,936.7,219.6,0.012,0.012
Modern Boutique 4x12 Bright 160,0.98,574.675,11.69,0.022,936.7,219.6,0.012,0.012
Modern Boutique 4x12 Bright 421,0,0,11.72,0.737,1142.0,304.3,0.012,0.012
Modern Boutique 4x12 Bright 421,0.5,16.7497,11.71,0.416,1142.0,304.3,0.012,0.012
Modern Boutique 4x12 Bright 421,0.8,52.0292,11.69,0.194,1142.0,304.3,0.012,0.012
Modern Boutique 4x12 Bright 421,0.9,110.193,11.69,0.103,1142.0,304.3,0.012,0.012
Modern Boutique 4x12 Bright 421,0.95,226.345,11.69,0.053,1142.0,304.3,0.012,0.012
Modern Boutique 4x12 Bright 421,0.98,574.675,11.70,0.022,1142.0,304.3,0.012,0.012
Modern Boutique 4x12 Bright 57,0,0,12.17,0.770,1138.9,249.4,0.012,0.012
Modern Boutique 4x12 Bright 57,0.5,16.7497,12.16,0.418,1138.9,249.4,0.012,0.012
Modern Boutique 4x12 Bright 57,0.8,52.0292,12.14,0.191,1138.9,249.4,0.012,0.012
Modern Boutique 4x12 Bright 57,0.9,110.193,12.14,0.101,1138.9,249.4,0.012,0.012
Modern Boutique 4x12 Bright 57,0.95,226.345,12.13,0.052,1138.9,249.4,0.012,0.012
Modern Boutique 4x12 Bright 57,0.98,574.675,12.11,0.021,1138.9,249.4,0.012,0.012
Modern Boutique 4x12 Dark 160,0,0,10.58,0.808,579.4,244.7,0.012,0.012
Modern Boutique 4x12 Dark 160,0.5,16.7497,10.55,0.457,579.4,244.7,0.012,0.012
Modern Boutique 4x12 Dark 160,0.8,52.0292,10.53,0.213,579.4,244.7,0.012,0.012
Modern Boutique 4x12 Dark 160,0.9,110.193,10.51,0.113,579.4,244.7,0.012,0.012
Modern Boutique 4x12 Dark 160,0.95,226.345,10.51,0.058,579.4,244.7,0.012,0.012
Modern Boutique 4x12 Dark 160,0.98,574.675,10.48,0.024,579.4,244.7,0.012,0.012
Modern Boutique 4x12 Dark 421,0,0,11.24,0.855,1181.6,358.7,0.012,0.012
Modern Boutique 4x12 Dark 421,0.5,16.7497,11.22,0.481,1181.6,358.7,0.012,0.012
Modern Boutique 4x12 Dark 421,0.8,52.0292,11.19,0.222,1181.6,358.7,0.012,0.012
Modern Boutique 4x12 Dark 421,0.9,110.193,11.18,0.117,1181.6,358.7,0.012,0.012
Modern Boutique 4x12 Dark 421,0.95,226.345,11.18,0.060,1181.6,358.7,0.012,0.012
Modern Boutique 4x12 Dark 421,0.98,574.675,11.18,0.025,1181.6,358.7,0.012,0.012
Modern Boutique 4x12 Dark 57,0,0,12.00,0.881,1327.5,128.7,0.012,0.012
Modern Boutique 4x12 Dark 57,0.5,16.7497,11.98,0.462,1327.5,128.7,0.012,0.012
Modern Boutique 4x12 Dark 57,0.8,52.0292,11.97,0.207,1327.5,128.7,0.012,0.012
Modern Boutique 4x12 Dark 57,0.9,110.193,11.96,0.108,1327.5,128.7,0.012,0.012
Modern Boutique 4x12 Dark 57,0.95,226.345,11.95,0.055,1327.5,128.7,0.012,0.012
Modern Boutique 4x12 Dark 57,0.98,574.675,11.95,0.022,1327.5,128.7,0.012,0.012
Modern Boutique 4x12 Medium 160,0,0,11.55,0.845,956.9,217.3,0.012,0.012
Modern Boutique 4x12 Medium 160,0.5,16.7497,11.53,0.455,956.9,217.3,0.012,0.012
Modern Boutique 4x12 Medium 160,0.8,52.0292,11.51,0.208,956.9,217.3,0.012,0.012
Modern Boutique 4x12 Medium 160,0.9,110.193,11.50,0.110,956.9,217.3,0.012,0.012
Modern Boutique 4x12 Medium 160,0.95,226.345,11.49,0.057,956.9,217.3,0.012,0.012
Modern Boutique 4x12 Medium 160,0.98,574.675,11.49,0.023,956.9,217.3,0.012,0.012
Modern Boutique 4x12 Medium 421,0,0,12.02,0.822,1113.6,239.8,0.012,0.012
Modern Boutique 4x12 Medium 421,0.5,16.7497,12.01,0.445,1113.6,239.8,0.012,0.012
Modern Boutique 4x12 Medium 421,0.8,52.0292,11.99,0.204,1113.6,239.8,0.012,0.012
Modern Boutique 4x12 Medium 421,0.9,110.193,11.98,0.109,1113.6,239.8,0.012,0.012
Modern Boutique 4x12 Medium 421,0.95,226.345,11.97,0.056,1113.6,239.8,0.012,0.012
Modern Boutique 4x12 Medium 421,0.98,574.675,11.98,0.023,1113.6,239.8,0.012,0.012
Modern Boutique 4x12 Medium 57,0,0,12.19,0.827,1346.6,221.5,0.012,0.012
Modern Boutique 4x12 Medium 57,0.5,16.7497,12.17,0.444,1346.6,221.5,0.012,0.012
Modern Boutique 4x12 Medium 57,0.8,52.0292,12.16,0.201,1346.6,221.5,0.012,0.012
Modern Boutique 4x12 Medium 57,0.9,110.193,12.15,0.106,1346.6,221.5,0.012,0.012
Modern Boutique 4x12 Medium 57,0.95,226.345,12.15,0.054,1346.6,221.5,0.012,0.012
Modern Boutique 4x12 Medium 57,0.98,574.675,12.15,0.022,1346.6,221.5,0.012,0.012
Tweed Combo 1x12 Bright Mix,0,0,11.28,0.791,531.5,231.2,0.012,0.012
Tweed Combo 1x12 Bright Mix,0.5,16.7497,11.26,0.420,531.5,231.2,0.012,0.012
Tweed Combo 1x12 Bright Mix,0.8,52.0292,11.25,0.188,531.5,231.2,0.012,0.012
Tweed Combo 1x12 Bright Mix,0.9,110.193,11.24,0.098,531.5,231.2,0.012,0.012
Tweed Combo 1x12 Bright Mix,0.95,226.345,11.24,0.050,531.5,231.2,0.012,0.012
Tweed Combo 1x12 Bright Mix,0.98,574.675,11.23,0.021,531.5,231.2,0.012,0.012
Tweed Combo 1x12 Dark Mix,0,0,10.86,0.919,261.8,149.5,0.012,0.012
Tweed Combo 1x12 Dark Mix,0.5,16.7497,10.84,0.469,261.8,149.5,0.012,0.012
Tweed Combo 1x12 Dark Mix,0.8,52.0292,10.83,0.209,261.8,149.5,0.012,0.012
Tweed Combo 1x12 Dark Mix,0.9,110.193,10.82,0.110,261.8,149.5,0.012,0.012
Tweed Combo 1x12 Dark Mix,0.95,226.345,10.81,0.056,261.8,149.5,0.012,0.012
Tweed Combo 1x12 Dark Mix,0.98,574.675,10.80,0.023,261.8,149.5,0.012,0.012
Tweed Combo 1x12 Medium Mix,0,0,11.00,0.838,577.8,203.4,0.012,0.012
Tweed Combo 1x12 Medium Mix,0.5,16.7497,10.98,0.431,577.8,203.4,0.012,0.012
Tweed Combo 1x12 Medium Mix,0.8,52.0292,10.96,0.190,577.8,203.4,0.012,0.012
Tweed Combo 1x12 Medium Mix,0.9,110.193,10.96,0.100,577.8,203.4,0.012,0.012
Tweed Combo 1x12 Medium Mix,0.95,226.345,10.95,0.051,577.8,203.4,0.012,0.012
Tweed Combo 1x12 Medium Mix,0.98,574.675,10.95,0.021,577.8,203.4,0.012,0.012
Tweed Combo 1x12 Bright 160,0,0,10.31,0.750,627.9,267.2,0.012,0.012
Tweed Combo 1x12 Bright 160,0.5,16.7497,10.29,0.407,627.9,267.2,0.012,0.012
Tweed Combo 1x12 Bright 160,0.8,52.0292,10.28,0.185,627.9,267.2,0.012,0.012
Tweed Combo 1x12 Bright 160,0.9,110.193,10.27,0.098,627.9,267.2,0.012,0.012
Tweed Combo 1x12 Bright 160,0.95,226.345,10.26,0.050,627.9,267.2,0.012,0.012
Tweed Combo 1x12 Bright 160,0.98,574.675,10.27,0.020,627.9,267.2,0.012,0.012
Tweed Combo 1x12 Bright 57,0,0,10.89,0.728,554.5,244.2,0.012,0.012
Tweed Combo 1x12 Bright 57,0.5,16.7497,10.87,0.390,554.5,244.2,0.012,0.012
Tweed Combo 1x12 Bright 57,0.8,52.0292,10.86,0.176,554.5,244.2,0.012,0.012
Tweed Combo 1x12 Bright 57,0.9,110.193,10.85,0.092,554.5,244.2,0.012,0.012
Tweed Combo 1x12 Bright 57,0.95,226.345,10.85,0.048,554.5,244.2,0.012,0.012
Tweed Combo 1x12 Bright 57,0.98,574.675,10.86,0.020,554.5,244.2,0.012,0.012
Tweed Combo 1x12 Bright 87,0,0,11.88,0.696,216.8,135.5,0.012,0.012
Tweed Combo 1x12 Bright 87,0.5,16.7497,11.87,0.388,216.8,135.5,0.012,0.012
Tweed Combo 1x12 Bright 87,0.8,52.0292,11.86,0.181,216.8,135.5,0.012,0.012
Tweed Combo 1x12 Bright 87,0.9,110.193,11.85,0.096,216.8,135.5,0.012,0.012
Tweed Combo 1x12 Bright 87,0.95,226.345,11.85,0.049,216.8,135.5,0.012,0.012
Tweed Combo 1x12 Bright 87,0.98,574.675,11.86,0.020,216.8,135.5,0.012,0.012
Tweed Combo 1x12 Dark 160,0,0,10.36,0.763,693.3,228.4,0.012,0.012
Tweed Combo 1x12 Dark 160,0.5,16.7497,10.34,0.412,693.3,228.4,0.012,0.012
Tweed Combo 1x12 Dark 160,0.8,52.0292,10.32,0.188,693.3,228.4,0.012,0.012
Tweed Combo 1x12 Dark 160,0.9,110.193,10.31,0.100,693.3,228.4,0.012,0.012
Tweed Combo 1x12 Dark 160,0.95,226.345,10.31,0.052,693.3,228.4,0.012,0.012
Tweed Combo 1x12 Dark 160,0.98,574.675,10.29,0.021,693.3,228.4,0.012,0.012
Tweed Combo 1x12 Dark 57,0,0,11.13,0.761,610.5,237.0,0.012,0.012
Tweed Combo 1x12 Dark 57,0.5,16.7497,11.12,0.411,610.5,237.0,0.012,0.012
Tweed Combo 1x12 Dark 57,0.8,52.0292,11.10,0.187,610.5,237.0,0.012,0.012
Tweed Combo 1x12 Dark 57,0.9,110.193,11.10,0.099,610.5,237.0,0.012,0.012
Tweed Combo 1x12 Dark 57,0.95,226.345,11.10,0.051,610.5,237.0,0.012,0.012
Tweed Combo 1x12 Dark 57,0.98,574.675,11.11,0.021,610.5,237.0,0.012,0.012
Tweed Combo 1x12 Dark 87,0,0,12.21,0.746,412.7,225.1,0.012,0.012
Tweed Combo 1x12 Dark 87,0.5,16.7497,12.20,0.408,412.7,225.1,0.012,0.012
Tweed Combo 1x12 Dark 87,0.8,52.0292,12.19,0.186,412.7,225.1,0.012,0.012
Tweed Combo 1x12 Dark 87,0.9,110.193,12.18,0.098,412.7,225.1,0.012,0.012
Tweed Combo 1x12 Dark 87,0.95,226.345,12.18,0.050,412.7,225.1,0.012,0.012
Tweed Combo 1x12 Dark 87,0.98,574.675,12.17,0.020,412.7,225.1,0.012,0.012
Tweed Combo 1x12 Medium 160,0,0,10.27,0.766,437.6,198.7,0.012,0.012
Tweed Combo 1x12 Medium 160,0.5,16.7497,10.26,0.407,437.6,198.7,0.012,0.012
Tweed Combo 1x12 Medium 160,0.8,52.0292,10.24,0.184,437.6,198.7,0.012,0.012
Tweed Combo 1x12 Medium 160,0.9,110.193,10.23,0.097,437.6,198.7,0.012,0.012
Tweed Combo 1x12 Medium 160,0.95,226.345,10.23,0.050,437.6,198.7,0.012,0.012
Tweed Combo 1x12 Medium 160,0.98,574.675,10.22,0.021,437.6,198.7,0.012,0.012
Tweed Combo 1x12 Medium 57,0,0,11.36,0.752,746.4,223.7,0.012,0.012
Tweed Combo 1x12 Medium 57,0.5,16.7497,11.35,0.409,746.4,223.7,0.012,0.012
Tweed Combo 1x12 Medium 57,0.8,52.0292,11.34,0.187,746.4,223.7,0.012,0.012
Tweed Combo 1x12 Medium 57,0.9,110.193,11.33,0.099,746.4,223.7,0.012,0.012
Tweed Combo 1x12 Medium 57,0.95,226.345,11.33,0.051,746.4,223.7,0.012,0.012
Tweed Combo 1x12 Medium 57,0.98,574.675,11.32,0.021,746.4,223.7,0.012,0.012
Tweed Combo 1x12 Medium 87,0,0,12.03,0.738,378.1,232.9,0.151,0.151
Tweed Combo 1x12 Medium 87,0.5,16.7497,12.02,0.403,378.1,232.9,0.151,0.151
Tweed Combo 1x12 Medium 87,0.8,52.0292,12.00,0.185,378.1,232.9,0.662,0.662
Tweed Combo 1x12 Medium 87,0.9,110.193,12.00,0.097,378.1,232.9,0.662,0.662
Tweed Combo 1x12 Medium 87,0.95,226.345,12.00,0.050,378.1,232.9,1.115,1.115
Tweed Combo 1x12 Medium 87,0.98,574.675,12.03,0.020,378.1,232.9,0.012,0.012
